Word,Cluster,Syllabification,Prop Responses
shampoo,M P,,
whitish,T,,
senior,N Y,,
connote,N,,
pantry,N T R,,
guano,N,,
seizure,ZH,,
passage,S,,
salvo,L V,,
cobble,B,,
akin,K,,
guileless,L L,,
deprave,P R,,
sincere,N S,,
atlas,T L,,
sixty,K S T,,
dictate,K T,,
cistern,S T,,
rector,K T,,
cuddle,D,,
pending,N D,,
shimmy,M,,
backside,K S,,
bachelor,CH,,
congest,N JH,,
hatchet,CH,,
limbless,M L,,
havoc,V,,
mason,S,,
rummage,M,,
having,V,,
convex,N V,,
handle,N D,,
burnish,R N,,
surplus,R P L,,
passport,S P,,
limbo,M B,,
bovine,V,,
crevice,V,,
trousers,Z,,
sandwich,N D W,,
gallant,L,,
gamble,M B,,
lucky,K,,
stagger,G,,
stifle,F,,
gambit,M B,,
basis,S,,
genius,N Y,,
outright,T R,,
staging,JH,,
order,R D,,
artist,R T,,
overt,V,,
stucco,K,,
lustre,S T,,
proverb,V,,
nimble,M B,,
milieu,L Y,,
primate,M,,
stocking,K,,
strongly,NG L,,
opus,P,,
frontal,N T,,
glottis,T,,
spastic,S T,,
dormant,R M,,
guinea,N,,
ovoid,V,,
fulcrum,L K R,,
smuggle,G,,
goatee,T,,
compile,M P,,
capstan,P S T,,
calif,L,,
aside,S,,
spatial,SH,,
squadron,D R,,
cattle,T,,
dimmer,M,,
spacious,SH,,
mukluk,K L,,
upshot,P SH,,
germane,R M,,
gesture,S CH,,
lapel,P,,
preface,F,,
infest,N F,,
proven,V,,
colloid,L,,
mistress,S T R,,
conquer,NG K,,
wedlock,D L,,
adorn,D,,
pizza,T S,,
relieve,L,,
belie,L,,
impact,M P,,
impair,M P,,
benzene,N Z,,
icy,S,,
piebald,B,,
senile,N,,
bravo,V,,
chatter,T,,
loathsome,DH S,,
pilfer,L F,,
poker,K,,
kowtow,T,,
mistrial,S T R,,
folly,L,,
precinct,S,,
pollen,L,,
plaintive,N T,,
kosher,SH,,
privy,V,,
knickers,K,,
comprise,M P R,,
bleachers,CH,,
stockade,K,,
poster,S T,,
invert,N V,,
account,K,,
offer,F,,
either,DH,,
boatman,T M,,
bundle,N D,,
planet,N,,
inform,N F,,
prefab,F,,
reverse,V,,
barrel,R,,
rescind,S,,
revere,V,,
compound,M P,,
retreat,T R,,
scissors,Z,,
basket,S K,,
petite,T,,
resale,S,,
homburg,M B,,
homely,M L,,
pussy,S,,
risen,Z,,
cookie,K,,
recluse,K L,,
ferrous,R,,
robin,B,,
penguin,NG G W,,
memoir,M W,,
stubble,B,,
huddle,D,,
benign,N,,
henchman,N CH M,,
huckster,K S T,,
derive,R,,
burro,R,,
lurid,R,,
rating,T,,
without,TH,,
liver,V,,
leeward,W,,
cologne,L,,
teaspoon,S P,,
reprieve,P R,,
legion,JH,,
flagpole,G P,,
wallboard,L B,,
pervert,R V,,
mangy,N JH,,
reject,JH,,
distinct,S T,,
houses,S,,
advice,D V,,
wicket,K,,
massage,S,,
chateau,T,,
upland,P L,,
meeting,T,,
campaign,M P,,
sherry,R,,
ahead,HH,,
prostate,S T,,
twilight,L,,
crevasse,V,,
rapid,P,,
fetter,T,,
blunder,N D,,
surprise,R P R,,
ashore,SH,,
navel,V,,
eighteen,T,,
chandler,N D L,,
upside,P S,,
gravy,V,,
succinct,K S,,
rumble,M B,,
exile,G Z,,
nimbus,M B,,
polka,L K,,
wisdom,Z D,,
moody,D,,
missing,S,,
travail,V,,
tacky,K,,
camel,M,,
thicken,K,,
abut,B,,
mooring,R,,
turret,R,,
era,R,,
nickel,K,,
torture,R CH,,
trolley,L,,
carbine,R B,,
exist,G Z,,
attic,T,,
peter,T,,
excise,K S,,
derrick,R,,
vision,ZH,,
kaiser,Z,,
virile,R,,
languid,NG G W,,
snorkel,R K,,
curate,R,,
envy,N V,,
menace,N,,
robot,B,,
wallet,L,,
sandman,N D M,,
distaste,S T,,
midland,D L,,
vanish,N,,
erase,R,,
advise,D V,,
wedding,D,,
valid,L,,
accost,K,,
mucus,K,,
duchess,CH,,
ratio,SH,,
tipsy,P S,,
wahoo,HH,,
informed,N F,,
versus,R S,,
dilute,L,,
alarm,L,,
quota,T,,
doomsday,M Z D,,
naval,V,,
henpeck,N P,,
technic,K N,,
manhole,N HH,,
couple,P,,
manage,N,,
offhand,F HH,,
forty,R T,,
echo,K,,
tattoo,T,,
attest,T,,
defame,F,,
forage,R,,
wrangle,NG G,,
brazier,Z,,
juncture,NG K CH,,
duchy,CH,,
wrestle,S,,
crazy,Z,,
ruble,B,,
appeal,P,,
surfeit,R F,,
zither,DH,,
tableau,B L,,
suffrage,F R,,
ordeal,R D,,
intern,N T,,
zloty,T,,
trauma,M,,
footing,T,,
panther,N TH,,
ochre,K,,
tactic,K T,,
cobalt,B,,
amiss,M,,
apart,P,,
scoundrel,N D R,,
twiddle,D,,
racial,SH,,
sixteen,K S T,,
widen,D,,
fallow,L,,
damage,M,,
invest,N V,,
farewell,R W,,
tiptoe,P T,,
forward,R W,,
wormwood,R M W,,
within,DH,,
vanguard,N G,,
monkey,NG K,,
citron,T R,,
marry,R,,
transport,N S P,,
total,T,,
cinder,N D,,
zealot,L,,
deface,F,,
postcard,S T K,,
carbon,R B,,
collard,L,,
ammo,M,,
amass,M,,
scenic,N,,
pancake,N K,,
thicket,K,,
suffix,F,,
declare,K L,,
tinker,NG K,,
halter,L T,,
tinsel,N S,,
lanyard,N Y,,
mister,S T,,
vicar,K,,
launder,N D,,
landed,N D,,
ladle,D,,
minster,N S T,,
mildew,L D,,
image,M,,
straddle,D,,
approve,P R,,
lantern,N T,,
lampoon,M P,,
mistake,S T,,
exempt,G Z,,
listen,S,,
marine,R,,
loathing,TH,,
liqueur,K,,
vulture,L CH,,
lofty,F T,,
pansy,N Z,,
sumac,M,,
lineup,N,,
nightly,T L,,
marlin,R L,,
doodle,D,,
calyx,L,,
major,JH,,
lumber,M B,,
mallow,L,,
justice,S T,,
maestro,S T R,,
lorgnette,R N Y,,
rebuke,B Y,,
ascent,S,,
bludgeon,JH,,
genus,N,,
mango,NG G,,
mangrove,N G R,,
subsoil,B S,,
methane,TH,,
legend,JH,,
leafless,F L,,
lessor,S,,
lesson,S,,
ramble,M B,,
membrane,M B R,,
tackle,K,,
laurel,R,,
embark,M B,,
legate,G,,
metro,T R,,
leather,DH,,
likeness,K N,,
monstrous,N S T R,,
motile,T,,
mature,CH,,
marvel,R V,,
mascot,S K,,
lever,V,,
member,M B,,
mayhem,HH,,
hairline,R L,,
traction,K SH,,
conjure,N JH,,
fetid,T,,
fetish,T,,
yonder,N D,,
fathom,DH,,
saddle,D,,
felon,L,,
flabby,B,,
flaccid,K S,,
broken,K,,
tipple,P,,
exact,G Z,,
bevy,V,,
knowledge,L,,
lading,D,,
divide,V,,
facile,S,,
minor,N,,
fanfare,N F,,
exhaust,G Z,,
express,K S P R,,
frugal,G,,
stylish,L,,
penance,N,,
fortune,R CH,,
friction,K SH,,
gallstone,L S T,,
galosh,L,,
husky,S K,,
furnish,R N,,
rabble,B,,
quarto,R T,,
credo,D,,
flutter,T,,
bucket,K,,
tenet,N,,
stanza,N Z,,
revel,V,,
forget,R G,,
fortress,R T R,,
footage,T,,
construe,N S T R,,
dextrose,K S T R,,
draper,P,,
deride,R,,
destroy,S T R,,
quagmire,G M,,
dispatch,S P,,
postal,S T,,
digress,G R,,
dilate,L,,
disarm,S,,
reefer,F,,
daytime,T,,
tangle,NG G,,
dangle,NG G,,
dapper,P,,
dentist,N T,,
derby,R B,,
decry,K R,,
deduce,D,,
degree,G R,,
outlaw,T L,,
elude,L,,
earnings,R N,,
glazier,Z,,
effect,F,,
egret,G R,,
compote,M P,,
comport,M P,,
equip,K W,,
knuckle,K,,
divest,V,,
dogma,G M,,
saunter,N T,,
distance,S T,,
ducal,K,,
dummy,M,,
doodad,D,,
downtown,N T,,
dreary,R,,
hydrant,D R,,
hubbub,B,,
hundred,N D R,,
action,K SH,,
inane,N,,
inverse,N V,,
russet,S,,
ignore,G N,,
holly,L,,
holy,L,,
teammate,M,,
hiccough,K,,
himself,M S,,
hither,DH,,
purvey,R V,,
hostile,S T,,
hovel,V,,
hoopla,P L,,
hopscotch,P S K,,
jurist,R,,
jury,R,,
louvre,V R,,
invent,N V,,
jaguar,G W,,
jimmy,M,,
kindred,N D R,,
affront,F R,,
goalie,L,,
kickback,K B,,
memo,M,,
inflow,N F L,,
inquire,N K W,,
income,N K,,
unless,N L,,
indoor,N D,,
volley,L,,
mantel,N T,,
insane,N S,,
derange,R,,
powder,D,,
chorus,R,,
graveyard,V Y,,
grindstone,N D S T,,
goulash,L,,
reveal,V,,
potash,T,,
guffaw,F,,
instance,N S T,,
decree,K R,,
haughty,T,,
gently,N T L,,
german,R M,,
gimlet,M L,,
pippin,P,,
garbage,R B,,
garnish,R N,,
goalpost,L P,,
goody,D,,
woodwind,D W,,
glacial,SH,,
comedown,M D,,
countless,N T L,,
endless,N D L,,
hanker,NG K,,
hardly,R D L,,
abet,B,,
hemlock,M L,,
heyday,D,,
hearing,R,,
hearsay,R S,,
hemline,M L,,
gutter,T,,
catfish,T F,,
haddock,D,,
guilder,L D,,
disband,S B,,
esquire,S K W,,
hamstring,M S T R,,
forehead,R HH,,
hangout,NG,,
groundhog,N D HH,,
hamper,M P,,
viceroy,S R,,
spasm,Z,,
strychnine,K N,,
furor,R,,
require,K W,,
struggle,G,,
stylist,L,,
sudden,D,,
leghorn,G HH,,
submerse,B M,,
suckling,K L,,
suction,K SH,,
squirrel,R,,
stable,B,,
splatter,T,,
sportsman,R T S M,,
squeegee,JH,,
under,N D,,
stirrup,R,,
trophy,F,,
strengthen,NG TH,,
teamster,M S T,,
stipend,P,,
taxi,K S,,
garage,R,,
tenfold,N F,,
heckle,K,,
tarry,R,,
captor,P T,,
cabbie,B,,
monster,N S T,,
termite,R M,,
giggle,G,,
demise,M,,
surname,R N,,
surpass,R P,,
swagger,G,,
sunlight,N L,,
protest,T,,
supple,P,,
peptic,P T,,
tacit,S,,
dandruff,N D R,,
sweetheart,T HH,,
impute,M P Y,,
coastline,S T L,,
selfless,L F L,,
semblance,M B L,,
coddle,D,,
secure,K Y,,
freeway,W,,
senate,N,,
severe,V,,
weasel,Z,,
sheepskin,P S K,,
phoenix,N,,
serpent,R P,,
setback,T B,,
sausage,S,,
collide,L,,
sandal,N D,,
sandhog,N D HH,,
request,K W,,
seaman,M,,
second,K,,
scholar,L,,
schooner,N,,
grinder,N D,,
anger,NG G,,
measure,ZH,,
cordial,R JH,,
edict,D,,
sorry,R,,
pinhole,N HH,,
sparrow,R,,
ajar,JH,,
soldier,L JH,,
sonic,N,,
silent,L,,
siphon,F,,
shelter,L T,,
shepherd,P,,
sidle,D,,
wonder,N D,,
prissy,S,,
slipshod,P SH,,
equine,K W,,
slaughter,T,,
waddle,D,,
hubris,B R,,
viscount,S K,,
viscous,S K,,
waitress,T R,,
wary,R,,
tether,DH,,
waiver,V,,
waken,K,,
vendee,N D,,
vengeful,N JH F,,
gravel,V,,
inflict,N F L,,
gabby,B,,
vaudeville,D V,,
hamster,M S T,,
drumstick,M S T,,
vermin,R M,,
vermouth,R M,,
paddock,D,,
workhorse,R K HH,,
worthwhile,R TH W,,
woven,V,,
ratchet,CH,,
chapter,P T,,
women,M,,
cypress,P R,,
zeitgeist,T G,,
zipper,P,,
creepy,P,,
whimsy,M S,,
whistle,S,,
whopper,P,,
weather,DH,,
canteen,N T,,
whatnot,T N,,
crackle,K,,
withers,DH,,
withhold,TH HH,,
oblong,B L,,
willing,L,,
windward,N D W,,
dazzle,Z,,
transfer,N S F,,
trapeze,P,,
torso,R S,,
tortoise,R T,,
trample,M P,,
trappings,P,,
triple,P,,
tropic,P,,
trouble,B,,
influx,N F L,,
trespass,S P,,
trident,D,,
muffle,F,,
thunder,N D,,
fragment,G M,,
thermal,R M,,
thesis,S,,
hunger,NG G,,
cashmere,ZH M,,
tomcat,M K,,
torsion,R SH,,
regent,JH,,
uproar,P R,,
upset,P S,,
aural,R,,
preclude,K L,,
unto,N T,,
upright,P R,,
urine,R,,
tiger,G,,
value,L Y,,
vandal,N D,,
county,N T,,
utmost,T M,,
turbine,R B,,
fortnight,R T N,,
tutor,T,,
lilac,L,,
tubing,B,,
twaddle,D,,
foolproof,L P R,,
undo,N D,,
abject,B JH,,
twenty,N T,,
convoke,N V,,
solder,D,,
canine,N,,
panic,N,,
pannier,N,,
parish,R,,
palate,L,,
corrode,R,,
pathway,TH W,,
parquet,R K,,
passing,S,,
passion,SH,,
passive,S,,
plural,R,,
parson,R S,,
cerise,R,,
opal,P,,
orchard,R CH,,
orchid,R K,,
omen,M,,
onto,N T,,
ordain,R D,,
oven,V,,
nature,CH,,
outcast,T K,,
merit,R,,
outward,T W,,
petal,T,,
petard,T,,
debase,B,,
perish,R,,
perspire,R S P,,
dissuade,S W,,
fancy,N S,,
pigment,G M,,
phoneme,N,,
physics,Z,,
pickle,K,,
paving,V,,
peasant,Z,,
postage,S T,,
worthy,R DH,,
patience,SH,,
wholly,L,,
perceive,R S,,
spigot,G,,
mileage,L,,
penal,N,,
pendant,N D,,
mistral,S T R,,
shrapnel,P N,,
myrtle,R T,,
vacuum,K Y,,
warder,R D,,
mermaid,R M,,
neighbor,B,,
flintlock,N T L,,
neural,R,,
nasty,S T,,
nation,SH,,
tangent,N JH,,
outflow,T F L,,
montage,N T,,
uric,R,,
molder,L D,,
molten,L T,,
recoup,K,,
mounting,N T,,
essay,S,,
throttle,T,,
railing,L,,
morris,R,,
mattress,T R,,
fable,B,,
prepare,P,,
fragile,JH,,
noxious,K SH,,
nozzle,Z,,
oarsman,R Z M,,
offbeat,F B,,
offend,F,,
offense,F,,
concoct,N K,,
obtrude,B T R,,
ruler,L,,
xenon,N,,
burgess,R JH,,
tundra,N D R,,
outburst,T B,,
newfound,F,,
mussel,S,,
imbibe,M B,,
galore,L,,
windlass,N D L,,
refuse,F Y,,
relic,L,,
rectal,K T,,
decade,K,,
filter,L T,,
relief,L,,
journal,R N,,
repay,P,,
striding,D,,
remove,M,,
martyr,R T,,
ragtime,G T,,
ramrod,M R,,
caddy,D,,
rabies,B,,
spider,D,,
rather,DH,,
recent,S,,
recourse,K,,
really,L,,
detach,T,,
concrete,N K R,,
rosette,S,,
riven,V,,
river,V,,
flounder,N D,,
expunge,K S P,,
playmate,M,,
routine,T,,
ruddy,D,,
rupture,P CH,,
restrict,S T R,,
retake,T,,
revamp,V,,
resource,S,,
respect,S P,,
rhinestone,N S T,,
riddle,D,,
rigid,JH,,
chronic,N,,
rhizome,Z,,
toxin,K S,,
purpose,R P,,
pontoon,N T,,
salad,L,,
portend,R T,,
police,L,,
polite,L,,
exert,G Z,,
muggy,G,,
cowlick,L,,
yeoman,M,,
straggle,G,,
paddle,D,,
pitchfork,CH F,,
piker,K,,
pungent,N JH,,
sparkle,R K,,
devise,V,,
plaintiff,N T,,
pleaded,D,,
polecat,L K,,
steady,D,,
placid,S,,
eager,G,,
proton,T,,
protract,T R,,
carton,R T,,
propel,P,,
mangle,NG G,,
frozen,Z,,
amend,M,,
pudding,D,,
pupil,P,,
purser,R S,,
baby,B,,
prevail,V,,
precook,K,,
beverage,V,,
pristine,S T,,
profit,F,,
profound,F,,
centaur,N T,,
private,V,,
olive,L,,
command,M,,
doctor,K T,,
buffet,F,,
cranny,N,,
amid,M,,
festoon,S T,,
redwood,D W,,
liking,K,,
bashful,SH F,,
crescent,S,,
flippant,P,,
almond,M,,
cabbage,B,,
burlap,R L,,
dumpy,M P,,
aloof,L,,
burlesque,R L,,
collie,L,,
collier,L Y,,
fizzle,Z,,
cleavage,V,,
apiece,P,,
bonfire,N F,,
bottle,T,,
angle,NG G,,
daddy,D,,
annul,N,,
brocade,K,,
allege,L,,
contrast,N T R,,
downwind,N W,,
anthem,N TH,,
brandy,N D,,
gravestone,V S T,,
canvas,N V,,
maelstrom,L S T R,,
brackish,K,,
after,F T,,
donor,N,,
afghan,F G,,
candy,N D,,
carol,R,,
hefty,F T,,
cupcake,P K,,
cupboard,B,,
carat,R,,
crowbar,B,,
adverse,D V,,
capture,P CH,,
advance,D V,,
caffeine,F,,
content,N T,,
crocus,K,,
villa,L,,
sultan,L T,,
childish,L D,,
crony,N,,
alley,L,,
coda,D,,
ballot,L,,
guzzle,Z,,
wither,DH,,
agile,JH,,
toddle,D,,
willow,L,,
airy,R,,
camber,M B,,
airmail,R M,,
convoy,N V,,
paring,R,,
become,K,,
befriend,F R,,
tonsil,N S,,
plumber,M,,
reamer,M,,
averse,V,,
foretaste,R T,,
bellow,L,,
tremor,M,,
beneath,N,,
belly,L,,
cedar,D,,
attempt,T,,
attend,T,,
connive,N,,
bitter,T,,
connect,N,,
constrict,N S T R,,
ballroom,L R,,
banquet,NG K W,,
barber,R B,,
surmount,R M,,
muskrat,S K R,,
insult,N S,,
confirm,N F,,
assay,S,,
beadle,D,,
axis,K S,,
basin,S,,
basic,S,,
axle,K S,,
presume,Z,,
blubber,B,,
bloodshed,D SH,,
arise,R,,
homage,M,,
arraign,R,,
cortege,R T,,
entail,N T,,
scandal,N D,,
common,M,,
aplomb,P L,,
fatigue,T,,
rabid,B,,
border,R D,,
cognac,N Y,,
comeback,M B,,
arbor,R B,,
poppy,P,,
country,N T R,,
awake,W,,
assert,S,,
compose,M P,,
equate,K W,,
astray,S T R,,
sister,S T,,
corbel,R B,,
sermon,R M,,
ashamed,SH,,
ashen,SH,,
llano,N,,
birdie,R D,,
acclaim,K L,,
nodule,JH,,
even,V,,
predict,D,,
neglect,G L,,
station,SH,,
pudgy,JH,,
promote,M,,
active,K T,,
scuttle,T,,
beacon,K,,
adhere,D HH,,
figment,G M,,
modest,D,,
charcoal,R K,,
accord,K,,
chiding,D,,
absent,B S,,
cutlass,T L,,
fifty,F T,,
circuit,R K,,
circus,R K,,
cunning,N,,
cathode,TH,,
catsup,CH,,
zephyr,F,,
charter,R T,,
adverb,D V,,
austral,S T R,,
accept,K S,,
pronto,N T,,
missive,S,,
pittance,T,,
between,T W,,
publish,B L,,
midstream,D S T R,,
velvet,L V,,
poplar,P L,,
betel,T,,
harness,R N,,
papal,P,,
puppet,P,,
pundit,N D,,
puny,N,,
central,N T R,,
critique,T,,
portion,R SH,,
prophet,F,,
portent,R T,,
prosper,S P,,
census,N S,,
billy,L,,
misrule,S R,,
pronounce,N,,
spangle,NG G,,
mission,SH,,
provide,V,,
ptomaine,M,,
dinar,N,,
prostrate,S T R,,
midweek,D W,,
peril,R,,
metier,T Y,,
quartet,R T,,
queasy,Z,,
quarter,R T,,
quantum,N T,,
beseech,S,,
kremlin,M L,,
urban,R B,,
combine,M B,,
covet,V,,
quintet,N T,,
repress,P R,,
evoke,V,,
berry,R,,
rigging,G,,
beret,R,,
artful,R T F,,
hawthorn,TH,,
witty,T,,
cocaine,K,,
checklist,K L,,
centrist,N T R,,
molehill,L HH,,
purist,R,,
purchase,R CH,,
quadrant,D R,,
pylon,L,,
appoint,P,,
teeter,T,,
hostage,S T,,
microbe,K R,,
starling,R L,,
portage,R T,,
swarthy,R DH,,
ouster,S T,,
cement,M,,
unreal,N R,,
except,K S,,
posse,S,,
locket,K,,
bomber,M,,
precept,S,,
prelude,L,,
prefer,F,,
bounty,N T,,
prefect,F,,
posit,Z,,
mincemeat,N S M,,
sweeten,T,,
mishmash,SH M,,
misprint,S P R,,
presence,Z,,
bodice,D,,
posture,S CH,,
writer,T,,
losing,Z,,
postpone,S T P,,
motif,T,,
belief,L,,
pratfall,T F,,
boatswain,T S W,,
praetor,T,,
bobbin,B,,
poultry,L T R,,
poultice,L T,,
product,D,,
censure,N SH,,
miner,N,,
coney,N,,
blanket,NG K,,
blatant,T,,
bitters,T,,
canyon,N Y,,
promise,M,,
prolong,L,,
millet,L,,
progress,G R,,
bishop,SH,,
profess,F,,
practice,K T,,
prestige,S T,,
pretty,T,,
pretext,T,,
preside,Z,,
premiere,M,,
remorse,M,,
varnish,R N,,
blister,S T,,
oral,R,,
primal,M,,
princess,N S,,
primrose,M R,,
mingle,NG G,,
prevent,V,,
repel,P,,
adore,D,,
repeat,P,,
repair,P,,
rental,N T,,
rely,L,,
glitter,T,,
titter,T,,
rafter,F T,,
goner,N,,
linchpin,N CH P,,
banner,N,,
heiress,R,,
replace,P L,,
persist,R S,,
probate,B,,
chapel,P,,
scaffold,F,,
bawdy,D,,
bazaar,Z,,
rehearse,HH,,
mystic,S T,,
mealtime,L T,,
remnant,M N,,
renew,N,,
remit,M,,
remark,M,,
borax,R,,
diary,R,,
money,N,,
forfeit,R F,,
retrench,T R,,
ardor,R D,,
dauphin,F,,
barley,R L,,
baroque,R,,
retrace,T R,,
resort,Z,,
retread,T R,,
beckon,K,,
chauffeur,F,,
arrears,R,,
leftist,F T,,
reward,W,,
revolve,V,,
revive,V,,
revert,V,,
bargain,R G,,
chatty,T,,
shutter,T,,
basalt,S,,
resist,Z,,
clamber,M B,,
barren,R,,
resin,Z,,
matting,T,,
rescue,S K Y,,
vacate,K,,
reserve,Z,,
massive,S,,
matron,T R,,
retort,T,,
horseshoe,R S SH,,
craven,V,,
fidget,JH,,
response,S P,,
retail,T,,
restrain,S T R,,
rapture,P CH,,
mercy,R S,,
behalf,HH,,
aloft,L,,
ransom,N S,,
looney,N,,
muster,S T,,
eclipse,K L,,
mental,N T,,
ravine,V,,
transplant,N S P L,,
razor,Z,,
warble,R B,,
begin,G,,
ration,SH,,
displease,S P L,,
reproach,P R,,
announce,N,,
believe,L,,
racy,S,,
prewar,W,,
racquet,K,,
hammer,M,,
ranger,N JH,,
rampant,M P,,
rejoice,JH,,
rancid,N S,,
ogre,G,,
leper,P,,
feather,DH,,
rainstorm,N S T,,
rally,L,,
redound,D,,
fated,T,,
redskin,D S K,,
commerce,M,,
beaver,V,,
spaceship,S SH,,
tonal,N,,
recur,K,,
easel,Z,,
regal,G,,
refuge,F Y,,
channel,N,,
tugboat,G B,,
defunct,F,,
melee,L,,
reform,F,,
mellow,L,,
uplift,P L,,
rebuff,B,,
rebound,B,,
recede,S,,
recant,K,,
beget,G,,
rebate,B,,
avid,V,,
chagrin,G R,,
record,K,,
recoil,K,,
moraine,R,,
vortex,R T,,
global,B,,
recess,S,,
beehive,HH,,
shortstop,R T S T,,
orris,R,,
organ,R G,,
movie,V,,
outboard,T B,,
callow,L,,
leeway,W,,
spirit,R,,
freehand,HH,,
explore,K S P L,,
elbow,L B,,
flicker,K,,
landfall,N D F,,
outlay,T L,,
tidy,D,,
insure,N SH,,
assail,S,,
mumble,M B,,
mullet,L,,
problem,B L,,
offshoot,F SH,,
okay,K,,
orange,R,,
savage,V,,
oppress,P R,,
litter,T,,
opine,P,,
onward,N W,,
casket,S K,,
opaque,P,,
cachet,SH,,
tenor,N,,
palette,L,,
auger,G,,
paisley,Z L,,
cadre,D R,,
quotient,SH,,
siding,D,,
menu,N Y,,
pander,N D,,
panda,N D,,
caboose,B,,
castrate,S T R,,
pamper,M P,,
venal,N,,
mourning,R N,,
storage,R,,
outside,T S,,
python,TH,,
prayerful,R F,,
outset,T S,,
outrage,T R,,
outpost,T P,,
muddle,D,,
retard,T,,
packet,K,,
scalpel,L P,,
packer,K,,
ballast,L,,
ravage,V,,
ovum,V,,
cadet,D,,
oxen,K S,,
mouthpiece,TH P,,
errant,R,,
subvert,B V,,
nadir,D,,
liven,V,,
nifty,F T,,
carcass,R K,,
needy,D,,
nameless,M L,,
carboy,R B,,
squalid,L,,
nonstop,N S T,,
party,R T,,
nitrous,T R,,
caption,P SH,,
nineteen,N T,,
captain,P T,,
ninny,N,,
nasal,Z,,
label,B,,
needless,D L,,
dissent,S,,
pagan,G,,
nazi,T S,,
navy,V,,
newsy,Z,,
topple,P,,
oodles,D,,
carriage,R,,
neuter,T,,
netting,T,,
carnage,R N,,
penthouse,N T HH,,
radish,D,,
sojourn,JH,,
cannon,N,,
tuba,B,,
oblige,B L,,
nylon,L,,
tabby,B,,
novel,V,,
nuzzle,Z,,
brittle,T,,
office,F,,
veiling,L,,
candle,N D,,
odor,D,,
muscle,S,,
mordant,R D,,
obscene,B S,,
occult,K,,
obtuse,B T,,
subside,B S,,
pastor,S T,,
nova,V,,
nothing,TH,,
capsize,P S,,
gainsay,N S,,
noted,T,,
noodle,D,,
nugget,G,,
cascade,S K,,
tattle,T,,
ballad,L,,
mutton,T,,
cartel,R T,,
warbler,R B L,,
canto,N T,,
ally,L,,
soccer,K,,
pistil,S T,,
canal,N,,
pimple,M P,,
pigeon,JH,,
seven,V,,
booty,T,,
placard,K,,
model,D,,
placate,K,,
bowman,M,,
pitfall,T F,,
slender,N D,,
pity,T,,
picture,K CH,,
picnic,K N,,
piecemeal,S M,,
brilliant,L Y,,
sorrel,R,,
phylum,L,,
carmine,R M,,
pilot,L,,
pilgrim,L G R,,
monarch,N,,
pillar,L,,
bauble,B,,
booby,B,,
upstate,P S T,,
catwalk,T W,,
breakfast,K F,,
polar,L,,
pokey,K,,
mecca,K,,
caution,SH,,
misuse,S Y,,
defend,F,,
platter,T,,
holdup,L D,,
weeny,N,,
fiber,B,,
polo,L,,
scavenge,V,,
pompous,M P,,
tussle,S,,
cavern,V,,
pollster,L S T,,
above,B,,
poncho,N CH,,
plating,T,,
plasma,Z M,,
bouquet,K,,
adjourn,JH,,
plankton,NG K T,,
modal,D,,
pointed,N T,,
pocket,K,,
pogrom,G R,,
mitre,T R,,
extreme,K S T R,,
notion,SH,,
trillion,L Y,,
plummet,M,,
assign,S,,
patent,T,,
pastry,S T R,,
bottom,T,,
pasta,S T,,
mother,DH,,
gourmet,R M,,
brutal,T,,
baptist,P T,,
bureau,R,,
morale,R,,
kismet,Z M,,
madame,D,,
muzzle,Z,,
revile,V,,
nickname,K N,,
motor,T,,
catbird,T B,,
pardon,R D,,
swivel,V,,
miscount,S K,,
duma,M,,
moron,R,,
passbook,S B,,
partner,R T N,,
catchy,CH,,
passel,S,,
parting,R T,,
button,T,,
section,K SH,,
vulgar,L G,,
partake,R T,,
bubble,B,,
mammoth,M,,
likely,K L,,
pester,S T,,
peruse,R,,
persuade,R S W,,
penny,N,,
woken,K,,
wager,JH,,
monsieur,S Y,,
pharynx,R,,
catty,T,,
pfennig,N,,
visage,Z,,
petty,T,,
petrol,T R,,
buffoon,F,,
fumble,M B,,
pennant,N,,
closure,ZH,,
bullet,L,,
bunker,NG K,,
theory,R,,
peevish,V,,
perhaps,R HH,,
ourselves,R S,,
perplex,R P L,,
budget,JH,,
pepper,P,,
servant,R V,,
people,P,,
buxom,K S,,
ailment,L M,,
turnkey,R N K,,
turkey,R K,,
pharaoh,R,,
soften,F,,
tunnel,N,,
discourse,S K,,
wrongly,NG L,,
twinkle,NG K,,
agog,G,,
rampage,M P,,
vagrant,G R,,
despair,S P,,
agleam,G L,,
turtle,R T,,
ahoy,HH,,
junior,N Y,,
hackney,K N,,
wildwood,L D W,,
triplet,P L,,
curry,R,,
indoors,N D,,
tripod,P,,
dacha,CH,,
trickle,K,,
alert,L,,
poplin,P L,,
trigger,G,,
truncate,NG K,,
further,R DH,,
urchin,R CH,,
oblique,B L,,
frigid,JH,,
trombone,M B,,
truffle,F,,
speedway,D W,,
album,L B,,
afford,F,,
bestial,S CH,,
imprint,M P R,,
valence,L,,
outreach,T R,,
dingle,NG G,,
vacant,K,,
spindle,N D,,
payment,M,,
vantage,N T,,
vanquish,NG K W,,
valley,L,,
whiten,T,,
retrieve,T R,,
vapid,P,,
afflict,F L,,
malice,L,,
affair,F,,
drivel,V,,
trustee,S T,,
incur,N K,,
standard,N D,,
afoul,F,,
uphill,P HH,,
upgrade,P G R,,
umpire,M P,,
against,G,,
unjust,N JH,,
pipeline,P L,,
upswing,P S W,,
convey,N V,,
depress,P R,,
urbane,R B,,
certain,R T,,
groundling,N D L,,
upon,P,,
bridal,D,,
upstairs,P S T,,
rumple,M P,,
abrupt,B R,,
tinder,N D,,
tirade,R,,
misjudge,S JH,,
although,L DH,,
tincture,NG K CH,,
piling,L,,
tinny,N,,
hydrate,D R,,
wartime,R T,,
aloud,L,,
magnate,G N,,
titan,T,,
panache,N,,
token,K,,
turban,R B,,
tireless,R L,,
tittle,T,,
forging,R JH,,
thinner,N,,
thimble,M B,,
amour,M,,
thirty,R D,,
puncture,NG K CH,,
reckless,K L,,
therefore,R F,,
asphalt,S F,,
among,M,,
prorate,R,,
tiller,L,,
cackle,K,,
graybeard,B,,
amber,M B,,
ambush,M B,,
guppy,P,,
threshold,SH,,
threefold,F,,
tidings,D,,
putty,T,,
wrestling,S L,,
mouthpart,TH P,,
transcribe,N S K R,,
awning,N,,
transpose,N S P,,
pillow,L,,
traitor,T,,
transom,N S,,
transfix,N S F,,
inward,N W,,
veneer,N,,
untold,N T,,
travel,V,,
fennel,N,,
infirm,N F,,
piston,S T,,
alive,L,,
fountain,N T,,
latex,T,,
traverse,V,,
future,CH,,
palfrey,L F R,,
tawdry,D R,,
torpor,R P,,
torpid,R P,,
kerchief,R CH,,
befall,F,,
topaz,P,,
forecast,R K,,
townsman,N Z M,,
crusade,S,,
touchstone,CH S T,,
pollock,L,,
lifeboat,F B,,
allure,L,,
exchange,K S CH,,
stranger,N JH,,
tourist,R,,
touchy,CH,,
winding,N D,,
windfall,N D F,,
willful,L F,,
window,N D,,
splinter,N T,,
console,N S,,
wildfire,L D F,,
calling,L,,
absorb,B Z,,
spheroid,R,,
depart,P,,
awhile,W,,
absinthe,B S,,
wingspan,NG S P,,
abstain,B S T,,
wistful,S T F,,
wintry,N T R,,
winsome,N S,,
whipsaw,P S,,
duffer,F,,
lazy,Z,,
whiteness,T N,,
whisker,S K,,
deprive,P R,,
invoke,N V,,
whicker,K,,
abbe,B,,
handmade,N D M,,
abyss,B,,
whittle,T,,
culprit,L P R,,
widespread,D S P R,,
papaw,P,,
whiting,T,,
accede,K S,,
vital,T,,
pattern,T,,
yahoo,HH,,
yogi,G,,
gadget,JH,,
abbey,B,,
yearling,R L,,
transit,N Z,,
cautious,SH,,
popcorn,P K,,
zany,N,,
yucca,K,,
younker,NG K,,
zebra,B R,,
earthquake,R TH K W,,
trammel,M,,
wooden,D,,
woeful,F,,
woozy,Z,,
leaven,V,,
witted,T,,
witless,T L,,
sizzle,Z,,
average,V,,
wolfram,L F R,,
relish,L,,
unknown,N N,,
wormhole,R M HH,,
nibble,B,,
tumor,M,,
written,T,,
lengthen,NG TH,,
workout,R K,,
careen,R,,
worsen,R S,,
about,B,,
caisson,S,,
woodsman,D Z M,,
veto,T,,
vintage,N T,,
busy,Z,,
villain,L,,
admit,D M,,
ado,D,,
vigor,G,,
hurtle,R T,,
addle,D,,
vista,S T,,
victor,K T,,
wattle,T,,
rowdy,D,,
viral,R,,
vinyl,N,,
visor,Z,,
wholesale,L S,,
virtue,R CH,,
venom,N,,
treble,B,,
aegis,JH,,
hassle,S,,
venture,N CH,,
ventral,N T R,,
vary,R,,
vendor,N D,,
summons,M,,
profane,F,,
vertex,R T,,
verdict,R D,,
karma,R M,,
vesper,S P,,
verdant,R D,,
adroit,D R,,
adrift,D R,,
tingle,NG G,,
weapon,P,,
sturgeon,R JH,,
plucky,K,,
rover,V,,
sapphire,F,,
werewolf,R W,,
finish,N,,
acid,S,,
bison,S,,
wetland,T L,,
dipper,P,,
wearer,R,,
poison,Z,,
accuse,K Y,,
perverse,R V,,
metal,T,,
confound,N F,,
appease,P,,
report,P,,
conic,N,,
walrus,L R,,
acre,K,,
acquit,K W,,
convict,N V,,
postman,S T M,,
husband,Z B,,
wainwright,N R,,
markka,R K,,
wallop,L,,
walleye,L,,
shipshape,P SH,,
shipboard,P B,,
shading,D,,
shoulder,L D,,
reckon,K,,
shoddy,D,,
shabby,B,,
sextet,K S T,,
shanty,N T,,
shamrock,M R,,
attire,T,,
regime,ZH,,
silly,L,,
socket,K,,
simmer,M,,
silver,L V,,
stupor,P,,
shovel,V,,
cleric,R,,
signet,G N,,
atom,T,,
afraid,F R,,
select,L,,
squabble,B,,
senna,N,,
augment,G M,,
augur,G,,
resume,Z,,
squalor,L,,
seldom,L D,,
coping,P,,
distraught,S T R,,
auburn,B,,
septic,P T,,
attract,T R,,
moly,L,,
dabble,B,,
sentence,N T,,
genteel,N T,,
quicken,K,,
assuage,S W,,
soggy,G,,
oneself,N S,,
newsprint,Z P R,,
smitten,T,,
housework,S W,,
snicker,K,,
sneaker,K,,
sortie,R T,,
nutty,T,,
something,M TH,,
southeast,TH,,
soulless,L L,,
ozone,Z,,
typhoid,F,,
sorghum,R G,,
neutral,T R,,
verbal,R B,,
conceal,N S,,
single,NG G,,
skillet,L,,
astride,S T R,,
aspire,S P,,
inkling,NG K L,,
dervish,R V,,
athlete,TH L,,
hamlet,M L,,
focus,K,,
slacken,K,,
slumber,M B,,
ultra,L T R,,
freedom,D,,
slalom,L,,
rubber,B,,
vixen,K S,,
package,K,,
rubric,B R,,
supper,P,,
rubble,B,,
rotund,T,,
rostrum,S T R,,
roulette,L,,
cantle,N T,,
runoff,N,,
runny,N,,
bagpipe,G P,,
schedule,JH,,
buddy,D,,
runway,N W,,
alike,L,,
diverge,V,,
scallop,L,,
rundown,N D,,
rumor,M,,
bankrupt,NG K R,,
banter,N T,,
bygone,G,,
riser,Z,,
sunken,NG K,,
pebble,B,,
address,D R,,
ridden,D,,
rhythmic,DH M,,
rookie,K,,
romance,M,,
missile,S,,
beaten,T,,
ballet,L,,
risque,S K,,
robust,B,,
abridge,B R,,
roller,L,,
candid,N D,,
rodent,D,,
scapegoat,P G,,
scripture,P CH,,
scribble,B,,
scramble,M B,,
solid,L,,
bulkhead,L K HH,,
scarecrow,R K R,,
scarcely,R S L,,
secede,S,,
capon,P,,
scupper,P,,
sedate,D,,
any,N,,
secrete,K R,,
sculptor,L P T,,
clamor,M,,
aver,V,,
support,P,,
salmon,M,,
salient,L,,
bacon,K,,
sally,L,,
sanction,NG K SH,,
sample,M P,,
ruthless,TH L,,
baggage,G,,
worldly,R L D L,,
sago,G,,
sacred,K R,,
surface,R F,,
sanguine,NG G W,,
award,W,,
sawdust,D,,
saucepan,S P,,
tumult,M,,
awkward,K W,,
awesome,S,,
sassy,S,,
acquire,K W,,
apex,P,,
surly,R L,,
surround,R,,
surrey,R,,
dulcet,L S,,
surgeon,R JH,,
precis,S,,
grapple,P,,
bandstand,N D S T,,
govern,V,,
lancer,N S,,
portrait,R T R,,
temper,M P,,
sylvan,L V,,
campus,M P,,
parole,R,,
sustain,S T,,
suspense,S P,,
suitcase,T K,,
dowdy,D,,
civic,V,,
bristle,S,,
sullen,L,,
humor,M,,
control,N T R,,
fertile,R T,,
sugar,G,,
suffuse,F Y,,
apple,P,,
breakage,K,,
append,P,,
suppress,P R,,
supposed,P,,
declaim,K L,,
lipstick,P S T,,
cockle,K,,
superb,P,,
answer,N S,,
platen,T,,
teeny,N,,
annex,N,,
tendon,N D,,
tender,N D,,
ruby,B,,
canon,N,,
tasty,S T,,
leisure,ZH,,
sully,L,,
tavern,V,,
ancient,N CH,,
textbook,K S T B,,
many,N,,
pedal,D,,
texture,K S CH,,
tension,N SH,,
fledgling,JH L,,
terrain,R,,
caudal,D,,
courtship,R CH,,
syrup,R,,
taffy,F,,
tactile,K T,,
syndrome,N D R,,
pectin,K T,,
tabloid,B L,,
tablet,B L,,
target,R G,,
indeed,N D,,
tassel,S,,
skittish,T,,
tartan,R T,,
talon,L,,
tally,L,,
taper,P,,
palace,L,,
arrow,R,,
stallion,L Y,,
unrest,N R,,
driving,V,,
dodo,D,,
incline,N K L,,
arty,R T,,
setter,T,,
stagnate,G N,,
stagnant,G N,,
stature,CH,,
chutney,T N,,
spittle,T,,
stuffy,F,,
steeple,P,,
lucerne,S,,
rocker,K,,
dispel,S P,,
statesman,T S M,,
goldfinch,L D F,,
special,SH,,
asleep,S L,,
truckload,K L,,
specious,SH,,
agape,G,,
spaniel,N Y,,
askance,S K,,
askew,S K Y,,
treatise,T,,
springtime,NG T,,
spousal,Z,,
carload,R L,,
longer,NG G,,
succeed,K S,,
sputter,T,,
entrant,N T R,,
winnow,N,,
parlor,R L,,
splendor,N D,,
perchance,R CH,,
studied,D,,
striving,V,,
murmur,R M,,
sturdy,R D,,
wanton,N T,,
striven,V,,
stringer,NG,,
student,D,,
seesaw,S,,
suburb,B,,
sublime,B L,,
succumb,K,,
succor,K,,
needle,D,,
maintain,N T,,
vestment,S T M,,
substance,B S T,,
subscribe,B S K R,,
appraise,P R,,
ism,Z,,
sterile,R,,
stodgy,JH,,
stocky,K,,
stockpile,K P,,
arrange,R,,
stillborn,L B,,
stigma,G M,,
flagrant,G R,,
marksman,R K S M,,
stratum,T,,
storied,R,,
scullion,L Y,,
arid,R,,
storeroom,R R,,
narrow,R,,
parlance,R L,,
parboil,R B,,
grenade,N,,
consort,N S,,
grateful,T F,,
golden,L D,,
granule,N Y,,
grandson,N D S,,
grovel,V,,
grotesque,T,,
session,SH,,
leapfrog,P F R,,
groggy,G,,
grievous,V,,
grievance,V,,
consist,N S,,
regress,G R,,
contempt,N T,,
goblet,B L,,
gobble,B,,
contend,N T,,
glory,R,,
recline,K L,,
contour,N T,,
contract,N T R,,
grandchild,N D CH,,
gotten,T,,
gossip,S,,
contact,N T,,
cogent,JH,,
bastion,S CH,,
gory,R,,
caftan,F T,,
handshake,N D SH,,
conflict,N F L,,
handout,N D,,
seclude,K L,,
confuse,N F Y,,
hallway,L W,,
wacky,K,,
mesdames,D,,
abloom,B L,,
happy,P,,
confer,N F,,
levee,V,,
clapboard,P B,,
proceeds,S,,
highway,W,,
chemist,M,,
sulfa,L F,,
hangar,NG,,
handy,N D,,
gully,L,,
meddle,D,,
conjoin,N JH,,
gurgle,R G,,
conquest,NG K W,,
grumpy,M P,,
hostler,S L,,
guardsman,R D Z M,,
conscience,N SH,,
anti,N T,,
insist,N S,,
haggle,G,,
instead,N S T,,
congeal,N JH,,
hacksaw,K S,,
rabbi,B,,
galley,L,,
fusion,ZH,,
stricture,K CH,,
option,P SH,,
fury,R,,
copra,P R,,
furlough,R L,,
fully,L,,
freckle,K,,
furbish,R B,,
gallon,L,,
gadfly,D F L,,
turquoise,R K W,,
mystique,S T,,
futile,T,,
middling,D,,
suspend,S P,,
alone,L,,
correct,R,,
submerge,B M,,
corral,R,,
fraction,K SH,,
foster,S T,,
deceive,S,,
meaning,N,,
fossil,S,,
corsage,R S,,
frontier,N T,,
nostril,S T R,,
frostbite,S T B,,
frontage,N T,,
frequent,K W,,
frenzy,N Z,,
fritter,T,,
mambo,M B,,
copy,P,,
convene,N V,,
gibbon,B,,
ghastly,S T L,,
gentian,N SH,,
garish,R,,
gewgaw,G,,
convert,N V,,
maybe,B,,
gladden,D,,
contrite,N T R,,
glimmer,M,,
gizzard,Z,,
terror,R,,
given,V,,
gingham,NG,,
gangrene,N G R,,
gangplank,NG P L,,
precious,SH,,
granite,N,,
libra,B R,,
coolly,L,,
cooper,P,,
gamecock,M K,,
hymnal,M N,,
gaucho,CH,,
twitter,T,,
genie,N,,
gasket,S K,,
garnet,R N,,
garner,R N,,
garter,R T,,
photo,T,,
ideal,D,,
fairy,R,,
custard,S T,,
glucose,K,,
flapjack,P JH,,
tinkle,NG K,,
fallout,L,,
lacy,S,,
impose,M P,,
serene,R,,
valiant,L Y,,
impress,M P R,,
implant,M P L,,
forego,R G,,
legume,G Y,,
impart,M P,,
housewife,S W,,
tickle,K,,
mixture,K S CH,,
yuletide,L T,,
outhouse,T HH,,
comma,M,,
hurdle,R D,,
outfit,T F,,
humid,M,,
hula,L,,
fireman,R M,,
humane,M,,
inspire,N S P,,
collect,L,,
colleague,L,,
inset,N S,,
aflame,F L,,
input,N P,,
inept,N,,
medic,D,,
affix,F,,
obsess,B S,,
intend,N T,,
intake,N T,,
into,N T,,
intent,N T,,
outfield,T F,,
instinct,N S T,,
avow,V,,
collar,L,,
chipper,P,,
colon,L,,
colonel,R N,,
include,N K L,,
combat,M B,,
salvage,L V,,
incense,N S,,
largesse,R G,,
inning,N,,
adjudge,JH,,
crystal,S T,,
inner,N,,
streamlined,M L,,
treaty,T,,
infer,N F,,
inert,N,,
thousand,Z,,
infield,N F,,
riposte,P,,
tariff,R,,
heavy,V,,
hector,K T,,
hectic,K T,,
heaven,V,,
intrigue,N T R,,
condone,N D,,
hearty,R T,,
purple,R P,,
hello,L,,
anise,N,,
conceive,N S,,
heifer,F,,
reply,P L,,
heinous,N,,
mortgage,R G,,
harvest,R V,,
condor,N D,,
hasten,S,,
harry,R,,
hardback,R D B,,
harbor,R B,,
harlot,R L,,
status,T,,
headsman,D Z M,,
hazard,Z,,
display,S P L,,
headman,D M,,
random,N D,,
journey,R N,,
hatred,T R,,
helmet,L M,,
condense,N D,,
peacock,K,,
homemade,M M,,
complain,M P L,,
tenant,N,,
honey,N,,
complex,M P L,,
hokum,K,,
revue,V Y,,
coming,M,,
borough,R,,
commune,M Y,,
fissure,SH,,
hostel,S T,,
hornet,R N,,
compete,M P,,
hoodwink,D W,,
mores,R,,
compass,M P,,
wretched,CH,,
heron,R,,
compute,M P Y,,
comrade,M R,,
hero,R,,
molest,L,,
gangster,NG S T,,
timber,M B,,
furlong,R L,,
hobo,B,,
hobby,B,,
hodgepodge,JH P,,
provost,V,,
adage,D,,
hiding,D,,
hipster,P S T,,
hillock,L,,
cubic,B,,
dollop,L,,
kindling,N D L,,
district,S T R,,
cruiser,Z,,
dormouse,R M,,
inlet,N L,,
sequin,K W,,
dorsal,R S,,
marrow,R,,
dolphin,L F,,
township,N SH,,
domain,M,,
wiggle,G,,
cushion,SH,,
seismic,Z M,,
cuisine,Z,,
phenol,N,,
warrant,R,,
dissect,S,,
dispute,S P Y,,
divers,V,,
docket,K,,
divulge,V,,
ocean,SH,,
conscript,N S K R,,
cuckoo,K,,
diva,V,,
descent,S,,
whetstone,T S T,,
dumbbell,M B,,
themselves,M S,,
duress,R,,
guitar,T,,
duly,L,,
canoe,N,,
lotion,SH,,
expert,K S P,,
ductile,K T,,
rectum,K T,,
zealous,L,,
eaten,T,,
eastern,S T,,
forlorn,R L,,
dwindle,N D,,
duty,T,,
early,R L,,
dozen,Z,,
despise,S P,,
drama,M,,
dragon,G,,
tailor,L,,
purloin,R L,,
dovetail,V T,,
crucial,SH,,
downbeat,N B,,
dainty,N T,,
drover,V,,
dropsy,P S,,
biplane,P L,,
dresser,S,,
dreamer,M,,
driven,V,,
riddance,D,,
default,F,,
wrinkle,NG K,,
decoy,K,,
manly,N L,,
cynic,N,,
trickster,K S T,,
corsair,R S,,
daughter,T,,
timepiece,M P,,
decent,S,,
denote,N,,
atone,T,,
delouse,L,,
demean,M,,
demand,M,,
cymbal,M B,,
deform,F,,
defeat,F,,
defy,F,,
refund,F,,
darkroom,R K R,,
stammer,M,,
dagger,G,,
dampen,M P,,
dally,L,,
dairy,R,,
damsel,M Z,,
debunk,B,,
debrief,B R,,
reddish,D,,
sailor,L,,
deadline,D L,,
dawdle,D,,
dealing,L,,
redress,D R,,
pauper,P,,
diction,K SH,,
linden,N D,,
fashion,SH,,
dictum,K T,,
dicky,K,,
cosmos,Z M,,
nitrate,T R,,
hygiene,JH,,
dibble,B,,
curfew,R F Y,,
dislodge,S L,,
discount,S K,,
rigor,G,,
dismal,Z M,,
discern,S,,
diner,N,,
prudish,D,,
direct,R,,
dinky,NG K,,
worry,R,,
simple,M P,,
deport,P,,
habit,B,,
denounce,N,,
denture,N CH,,
custom,S T,,
devolve,V,,
devil,V,,
diamond,M,,
devote,V,,
device,V,,
picket,K,,
assume,S,,
detest,T,,
despot,S P,,
welfare,L F,,
finding,N D,,
courthouse,R T HH,,
final,N,,
ferry,R,,
filly,L,,
fillip,L,,
outgrow,T G R,,
jiffy,F,,
hyssop,S,,
courage,R,,
fission,SH,,
antique,N T,,
tribesman,B Z M,,
ferment,R M,,
matrix,T R,,
bulwark,L W,,
female,M,,
feature,CH,,
belfry,L F R,,
every,V,,
filing,L,,
fiery,R,,
restore,S T,,
upkeep,P K,,
cesspool,S P,,
cover,V,,
covey,V,,
amok,M,,
feudal,D,,
fetus,T,,
idle,D,,
forestall,R S T,,
mandrake,N D R,,
cossack,S,,
cougar,G,,
foray,R,,
decline,K L,,
cripple,P,,
former,R M,,
formal,R M,,
forsake,R S,,
lobby,B,,
slogan,G,,
forewarn,R W,,
cortex,R T,,
rotten,T,,
flotsam,T S,,
fluster,S T,,
council,N S,,
florist,R,,
nervous,R V,,
flimflam,M F L,,
candied,N D,,
flora,R,,
cotton,T,,
parsley,R S L,,
follow,L,,
fondle,N D,,
foment,M,,
biceps,S,,
alloy,L,,
fodder,D,,
sliver,V,,
ermine,R M,,
cricket,K,,
erect,R,,
flurry,R,,
epoch,P,,
entry,N T R,,
ellipse,L,,
enzyme,N Z,,
toilet,L,,
creature,CH,,
eunuch,N,,
knobby,B,,
evade,V,,
ethnic,TH N,,
compact,M P,,
erupt,R,,
credence,D,,
escort,S K,,
elapse,L,,
eject,JH,,
miser,Z,,
critter,T,,
elite,L,,
sadden,D,,
newly,L,,
enough,N,,
engine,N JH,,
enter,N T,,
crimson,M Z,,
northward,R TH W,,
empire,M P,,
encamp,N K,,
emu,M Y,,
falter,L T,,
facing,S,,
falsehood,L S HH,,
hulking,L K,,
facet,S,,
exit,G Z,,
facade,S,,
number,M B,,
fateful,T F,,
useful,S F,,
fauna,N,,
herald,R,,
farmland,R M L,,
cracker,K,,
farmhand,R M HH,,
crabby,B,,
craving,V,,
exclaim,K S K L,,
altar,L T,,
crater,T,,
excite,K S,,
crayfish,F,,
exalt,G Z,,
cloture,CH,,
excerpt,K S,,
extract,K S T R,,
hatching,CH,,
barrage,R,,
craftsman,F T S M,,
critic,T,,
expect,K S P,,
crafty,F T,,
export,K S P,,
lather,DH,,
cluster,S T,,
clover,V,,
cobbler,B L,,
bourgeois,R ZH W,,
latent,T,,
leaping,P,,
lectern,K T,,
lecture,K CH,,
lavish,V,,
leaden,D,,
castle,S,,
language,NG G W,,
dither,DH,,
landlocked,N D L,,
landmark,N D M,,
tallow,L,,
larva,R V,,
languish,NG G W,,
blemish,M,,
larder,R D,,
letter,T,,
clearing,R,,
level,V,,
cloister,S T,,
borrow,R,,
licence,S,,
dollar,L,,
clearance,R,,
batter,T,,
cliche,SH,,
clothier,DH Y,,
leery,R,,
onslaught,N S L,,
leopard,P,,
impasse,M P,,
absurd,B S,,
public,B L,,
slipper,P,,
lubber,B,,
fracas,K,,
hoarding,R D,,
coffin,F,,
northeast,R TH,,
gruesome,S,,
killing,L,,
tonight,N,,
kernel,R N,,
kettle,T,,
jungle,NG G,,
agree,G R,,
julep,L,,
weevil,V,,
jumbo,M B,,
gazette,Z,,
metre,T,,
shaken,K,,
lira,R,,
escape,S K,,
mavis,V,,
laggard,G,,
kinship,N SH,,
ladder,D,,
anvil,N V,,
lancet,N S,,
cobra,B R,,
outdoor,T D,,
lament,M,,
midday,D D,,
kitten,T,,
kitty,T,,
riffraff,F R,,
kindly,N D L,,
cocky,K,,
cockney,K N,,
lacquer,K,,
foreclose,R K L,,
parry,R,,
malformed,L F,,
missal,S,,
lyric,R,,
tanner,N,,
mammal,M,,
relax,L,,
choral,R,,
choppy,P,,
giblet,B L,,
macaw,K,,
napkin,P K,,
comment,M,,
lusty,S T,,
madder,D,,
chowder,D,,
parcel,R S,,
astound,S T,,
nomad,M,,
madden,D,,
marquess,R K W,,
washout,SH,,
pesky,S K,,
exploit,K S P L,,
ragged,G,,
peddle,D,,
concert,N S,,
marshal,R SH,,
marten,R T,,
manhood,N HH,,
mankind,N K,,
propound,P,,
colored,L,,
marble,R B,,
union,N Y,,
chemise,M,,
mansion,N SH,,
cherish,R,,
lintel,N T,,
lining,N,,
feeble,B,,
stronghold,NG HH,,
lineman,N M,,
little,T,,
city,T,,
livid,V,,
liquor,K,,
liter,T,,
mercer,R S,,
lighter,T,,
clatter,T,,
lifelong,F L,,
lifer,F,,
static,T,,
limit,M,,
network,T W,,
anchor,NG K,,
armpit,R M P,,
lobster,B S T,,
postscript,S K R,,
tombstone,M S T,,
luggage,G,,
chubby,B,,
adjust,JH,,
lozenge,Z,,
cider,D,,
locate,K,,
subject,B JH,,
living,V,,
usurp,S,,
citrus,T R,,
circa,R K,,
lookout,K,,
cipher,F,,
locus,K,,
yearlong,R L,,
cola,L,,
collage,L,,
cohort,HH,,
transcript,N S K R,,
juicy,S,,
invite,N V,,
margrave,R G R,,
octave,K T,,
itself,T S,,
issue,SH,,
jealous,L,,
jolly,L,,
mobster,B S T,,
quinine,N,,
sonar,N,,
fabric,B R,,
tennis,N,,
faction,K SH,,
angry,NG G R,,
extra,K S T R,,
civet,V,,
mustang,S T,,
terrace,R,,
cradle,D,,
contrive,N T R,,
magnet,G N,,
discharge,S CH,,
skinflint,N F L,,
hearten,R T,,
textile,K S T,,
excuse,K S K Y,,
thyroid,R,,
tidal,D,,
cassette,S,,
valor,L,,
tidbit,D B,,
inflame,N F L,,
lively,V L,,
mundane,N D,,
medal,D,,
stilted,L T,,
locale,K,,
expire,K S P,,
trestle,S,,
argot,R G,,
stringy,NG,,
tankard,NG K,,
pleasant,Z,,
largo,R G,,
fatty,T,,
applied,P L,,
anode,N,,
tardy,R D,,
tantrum,N T R,,
redeem,D,,
ante,N T,,
stolid,L,,
civil,V,,
feckless,K L,,
linseed,N S,,
magpie,G P,,
abstract,B S T R,,
talent,L,,
vita,T,,
fealty,L T,,
narrate,R,,
muffin,F,,
landsman,N D Z M,,
slicker,K,,
withdraw,DH D R,,
anneal,N,,
pewter,T,,
fallen,L,,
moral,R,,
annals,N,,
farthing,R DH,,
carry,R,,
nabob,B,,
pickup,K,,
tarpon,R P,,
hussy,S,,
myself,S,,
crosspiece,S P,,
junta,N T,,
tatter,T,,
tragic,JH,,
cater,T,,
longhand,NG HH,,
tractor,K T,,
famine,M,,
traffic,F,,
empty,M P T,,
allspice,L S P,,
transcend,N S,,
logic,JH,,
intense,N T,,
equal,K W,,
morrow,R,,
entrust,N T R,,
cornmeal,R N M,,
allude,L,,
ethyl,TH,,
entrance,N T R,,
elate,L,,
lorry,R,,
lousy,Z,,
infect,N F,,
renal,N,,
treason,Z,,
function,NG K SH,,
inlay,N L,,
brother,DH,,
therein,R,,
transpire,N S P,,
christen,S,,
cozy,Z,,
fever,V,,
longing,NG,,
sinus,N,,
emcee,M S,,
metric,T R,,
crisis,S,,
evolve,V,,
essence,S,,
evening,V N,,
mover,V,,
loci,K,,
wafer,F,,
gunny,N,,
delude,L,,
comfort,M F,,
offset,F S,,
timbre,M B,,
excess,K S,,
tightwad,T W,,
yokel,K,,
crawfish,F,,
alum,L,,
misspell,S S P,,
corset,R S,,
exceed,K S,,
cigar,G,,
cardinal,R D,,
household,S HH,,
drowsy,Z,,
booklet,K L,,
topknot,P N,,
almost,L M,,
sparing,R,,
circle,R K,,
motel,T,,
neuron,R,,
errand,R,,
study,D,,
toenail,N,,
motley,T L,,
along,L,,
forceps,R S,,
woolly,L,,
adult,D,,
moment,M,,
arouse,R,,
captive,P T,,
forbid,R B,,
corpus,R P,,
dizzy,Z,,
foreman,R M,,
spillway,L W,,
upbeat,P B,,
column,L,,
hazel,Z,,
pennies,N,,
statue,CH,,
corvette,R V,,
startle,R T,,
abreast,B R,,
dactyl,K T,,
ukase,K,,
color,L,,
lifeless,F L,,
index,N D,,
stricken,K,,
jargon,R G,,
strident,D,,
foodstuff,D S T,,
souffle,F L,,
costume,S T,,
armchair,R M CH,,
increase,N K R,,
refute,F Y,,
manger,N JH,,
buckle,K,,
deserve,Z,,
gopher,F,,
utter,T,,
flutist,T,,
letdown,T D,,
cellar,L,,
splendid,N D,,
boomtown,M T,,
spinster,N S T,,
corrupt,R,,
notice,T,,
cahoot,HH,,
caper,P,,
toothless,TH L,,
novice,V,,
bizarre,Z,,
repose,P,,
plantain,N T,,
foundling,N D L,,
spectre,K T,,
arson,R S,,
normal,R M,,
person,R S,,
endorse,N D,,
forgive,R G,,
garret,R,,
caprice,P R,,
foretell,R T,,
letup,T,,
censer,N S,,
turnpike,R N P,,
harass,R,,
forthwith,R TH W,,
northwest,R TH W,,
seduce,D,,
sputum,T,,
incest,N S,,
format,R M,,
surcharge,R CH,,
plexus,K S,,
summit,M,,
panel,N,,
transfuse,N S F Y,,
newness,N,,
linger,NG G,,
renown,N,,
necklace,K L,,
pony,N,,
cousin,Z,,
courtly,R T L,,
neither,DH,,
sunshine,N SH,,
aglow,G L,,
sunder,N D,,
earnest,R N,,
swollen,L,,
pupa,P,,
survey,R V,,
swelter,L T,,
femur,M,,
canny,N,,
linkup,NG K,,
lighten,T,,
system,S T,,
feedback,D B,,
anxious,NG K SH,,
plenty,N T,,
fester,S T,,
ferret,R,,
liquid,K W,,
mishap,S HH,,
swallow,L,,
torrent,R,,
sweater,T,,
stymie,M,,
hansel,N S,,
plunger,N JH,,
indulge,N D,,
flatten,T,,
submit,B M,,
sublet,B L,,
tonnage,N,,
cashier,SH,,
expend,K S P,,
stronger,NG G,,
motto,T,,
stumble,M B,,
windshield,N D SH,,
pelvis,L V,,
arcade,R K,,
flipper,P,,
warren,R,,
bourbon,R B,,
confide,N F,,
fixture,K S CH,,
plumbing,M,,
suiting,T,,
finite,N,,
nestle,S,,
fiscal,S K,,
nether,DH,,
flannel,N,,
protein,T,,
marquee,R K,,
lacrosse,K R,,
subsist,B S,,
cycle,K,,
abode,B,,
pervade,R V,,
repeal,P,,
naked,K,,
subway,B W,,
pockmark,K M,,
milling,L,,
bridle,D,,
welcome,L K,,
intact,N T,,
carouse,R,,
cartoon,R T,,
descend,S,,
disturb,S T,,
detour,T,,
sharpen,R P,,
pumice,M,,
acorn,K,,
litmus,T M,,
perjure,R JH,,
detail,T,,
antic,N T,,
wholesome,L S,,
alehouse,L HH,,
maple,P,,
deplete,P L,,
oxford,K S F,,
deny,N,,
glacier,SH,,
cannot,N,,
ample,M P,,
insect,N S,,
whiplash,P L,,
cutthroat,T TH R,,
buffer,F,,
micron,K R,,
mantis,N T,,
blockade,K,,
derail,R,,
gospel,S P,,
vulva,L V,,
foresight,R S,,
straighten,T,,
weary,R,,
wagon,G,,
inboard,N B,,
dingus,NG G,,
dinghy,NG,,
canter,N T,,
trifle,F,,
adapt,D,,
disburse,S B,,
accent,K S,,
squeamish,M,,
instruct,N S T R,,
addict,D,,
volume,L Y,,
warfare,R F,,
manna,N,,
message,S,,
mesquite,S K,,
devoid,V,,
marriage,R,,
concur,N K,,
warship,R SH,,
merry,R,,
actor,K T,,
digit,JH,,
childless,L D L,,
passim,S,,
curtain,R T,,
brothel,TH,,
wampum,M P,,
shudder,D,,
phony,N,,
method,TH,,
ablaze,B L,,
wriggle,G,,
gymnast,M N,,
worship,R SH,,
phrasing,Z,,
aboard,B,,
deacon,K,,
ninety,N T,,
tissue,S Y,,
dealer,L,,
collapse,L,,
sundae,N D,,
workman,R K M,,
debit,B,,
decamp,K,,
mawkish,K,,
aircraft,R K R,,
righteous,CH,,
grocer,S,,
maudlin,D L,,
worldwide,R L D W,,
tabor,B,,
vintner,N T N,,
daisy,Z,,
physique,Z,,
yummy,M,,
daily,L,,
deafen,F,,
inure,N Y,,
horrid,R,,
matchbook,CH B,,
yourself,R S,,
cordon,R D,,
bellboy,L B,,
pickings,K,,
whether,DH,,
suggest,JH,,
filling,L,,
whisky,S K,,
market,R K,,
classic,S,,
pointer,N T,,
medley,D L,,
windmill,N D M,,
photon,T,,
winter,N T,,
defect,F,,
rainy,N,,
winkle,NG K,,
masthead,S T HH,,
deluxe,L,,
plaster,S T,,
stockyard,K Y,,
maraud,R,,
winder,N D,,
wily,L,,
delay,L,,
chapman,P M,,
aware,W,,
decide,S,,
witting,T,,
wizard,Z,,
woodman,D M,,
very,R,,
markup,R K,,
suppose,P,,
wondrous,N D R,,
measles,Z,,
pertain,R T,,
cystic,S T,,
theorem,R,,
wallow,L,,
sniffle,F,,
sentry,N T R,,
decrease,K R,,
dolly,L,,
piddle,D,,
absence,B S,,
array,R,,
driveway,V W,,
unfit,N F,,
disown,S,,
pitcher,CH,,
schism,Z,,
unique,N,,
agent,JH,,
dribble,B,,
mizen,Z,,
author,TH,,
aground,G R,,
cropland,P L,,
dugout,G,,
crosswalk,S W,,
vigil,JH,,
causal,Z,,
pollute,L,,
module,JH,,
phalanx,L,,
draftsman,F T S M,,
college,L,,
uphold,P HH,,
figure,G Y,,
carrot,R,,
bobby,B,,
broker,K,,
afoot,F,,
afloat,F L,,
unmoved,N M,,
again,G,,
unit,N,,
aback,B,,
sloppy,P,,
diaper,P,,
gander,N D,,
until,N T,,
drastic,S T,,
cleanly,N L,,
earthy,R TH,,
statute,CH,,
monger,NG G,,
ledger,JH,,
hackman,K M,,
filler,L,,
lucent,S,,
employ,M P L,,
irate,R,,
algae,L JH,,
trinket,NG K,,
tribune,B Y,,
triceps,S,,
inmate,N M,,
easy,Z,,
woodland,D L,,
pivot,V,,
cabin,B,,
titled,T,,
onus,N,,
dungeon,N JH,,
involve,N V,,
tumble,M B,,
moisten,S,,
chuckle,K,,
tungsten,NG S T,,
moisture,S CH,,
geyser,Z,,
truncheon,N CH,,
absolve,B Z,,
caucus,K,,
eagle,G,,
mollusk,L,,
pretzel,T Z,,
tubule,B Y,,
stalwart,L W,,
portal,R T,,
receipt,S,,
furthest,R TH,,
vicious,SH,,
commit,M,,
culvert,L V,,
disprove,S P R,,
dissolve,Z,,
learning,R N,,
coleslaw,L S L,,
mallet,L,,
venue,N Y,,
malaise,L,,
sexton,K S T,,
adopt,D,,
whereas,R,,
dethrone,TH R,,
maxim,K S,,
adjunct,JH,,
adieu,D,,
dislike,S L,,
virgin,R JH,,
lettuce,T,,
discord,S K,,
social,SH,,
middle,D,,
reserved,Z,,
scrimmage,M,,
dispense,S P,,
village,L,,
folkway,K W,,
vignette,N Y,,
center,N T,,
saloon,L,,
instant,N S T,,
downy,N,,
chlorine,R,,
menthol,N TH,,
vineyard,N Y,,
maggot,G,,
donkey,NG K,,
afar,F,,
vaccine,K S,,
pinky,NG K,,
inside,N S,,
valet,L,,
inshore,N SH,,
cryptic,P T,,
double,B,,
clergy,R JH,,
rocket,K,,
pinto,N T,,
pinpoint,N P,,
afield,F,,
useless,S L,,
usher,SH,,
lizard,Z,,
docile,S,,
staple,P,,
vengeance,N JH,,
vector,K T,,
niggard,G,,
larynx,R,,
censor,N S,,
retract,T R,,
elder,L D,,
chosen,Z,,
affect,F,,
doldrums,L D R,,
castor,S T,,
present,Z,,
minstrel,N S T R,,
mischief,S CH,,
hallmark,L M,,
body,D,,
climate,M,,
rebel,B,,
renounce,N,,
repent,P,,
nexus,K S,,
postmark,S T M,,
mitten,T,,
hairy,R,,
cadence,D,,
misquote,S K W,,
conga,NG G,,
divine,V,,
symbol,M B,,
handrail,N D R,,
hammock,M,,
batting,T,,
pension,N SH,,
remain,M,,
purport,R P,,
resent,Z,,
florid,R,,
pastel,S T,,
dental,N T,,
gumption,M P SH,,
extant,K S T,,
furtive,R T,,
restaurant,S T,,
lady,D,,
waistline,S T L,,
replete,P L,,
repulse,P,,
hackle,K,,
hydro,D R,,
lagoon,G,,
nascent,S,,
enrage,N R,,
reclaim,K L,,
bedlam,D L,,
harpoon,R P,,
limestone,M S T,,
conduct,N D,,
morass,R,,
recite,S,,
knockout,K,,
precede,S,,
rebus,B,,
devour,V,,
hartshorn,R T S HH,,
heather,DH,,
orphan,R F,,
pamphlet,M F L,,
amen,M,,
beaker,K,,
pageant,JH,,
silo,L,,
region,JH,,
relent,L,,
regret,G R,,
paddy,D,,
cacao,K,,
refrain,F R,,
wherry,R,,
harangue,R,,
beauty,T,,
beatnik,T N,,
regard,G,,
migraine,G R,,
hybrid,B R,,
berserk,R S,,
outlook,T L,,
rosewood,Z W,,
rotor,T,,
portly,R T L,,
gratis,T,,
knapsack,P S,,
counter,N T,,
sprightly,T L,,
musty,S T,,
dicker,K,,
rotate,T,,
selfish,L F,,
bamboo,M B,,
ignite,G N,,
grumble,M B,,
cajole,JH,,
sardine,R D,,
open,P,,
neutron,T R,,
remind,M,,
greenness,N N,,
outclass,T K L,,
washer,SH,,
parrot,R,,
rudder,D,,
bailiff,L,,
consult,N S,,
martial,R SH,,
obverse,B V,,
finger,NG G,,
rubbish,B,,
rowboat,B,,
gracious,SH,,
concave,N K,,
surmise,R M,,
temple,M P,,
other,DH,,
lanky,NG K,,
roundhouse,N D HH,,
jitters,T,,
hotel,T,,
vapor,P,,
return,T,,
coca,K,,
revise,V,,
landing,N D,,
outing,T,,
ditto,T,,
barracks,R,,
comely,M L,,
result,Z,,
lamprey,M P R,,
retain,T,,
landau,N D,,
conscious,N SH,,
retire,T,,
goblin,B L,,
water,T,,
banjo,N JH,,
shiver,V,,
kilo,L,,
query,R,,
monsoon,N S,,
banish,N,,
sweepstakes,P S T,,
grisly,Z L,,
camshaft,M SH,,
achieve,CH,,
barbell,R B,,
banshee,N SH,,
outfox,T F,,
possum,S,,
jumble,M B,,
outer,T,,
grizzly,Z L,,
ribbon,B,,
rickets,K,,
error,R,,
cafe,F,,
billet,L,,
species,SH,,
proscribe,S K R,,
homesick,M S,,
triplex,P L,,
honor,N,,
subtract,B T R,,
melon,L,,
horehound,R HH,,
pronoun,N,,
billion,L Y,,
pretend,T,,
biscuit,S K,,
compel,M P,,
tensile,N S,,
timid,M,,
lowland,L,,
transverse,N Z V,,
pummel,M,,
thirteen,R T,,
project,JH,,
punish,N,,
hurrah,R,,
hurry,R,,
vessel,S,,
pseudo,D,,
hollow,L,,
upturn,P T,,
hockey,K,,
prudent,D,,
pulpit,L P,,
prattle,T,,
toupee,P,,
pastiche,S T,,
comply,M P L,,
housing,Z,,
preset,S,,
garment,R M,,
preview,V Y,,
handsome,N S,,
judgement,JH M,,
blazer,Z,,
prejudge,JH,,
human,M,,
bully,L,,
prefix,F,,
prepuce,P Y,,
commence,M,,
humble,M B,,
proclaim,K L,,
whither,DH,,
credit,D,,
bitten,T,,
patter,T,,
commute,M Y,,
hospice,S P,,
proceed,S,,
profuse,F Y,,
patsy,T S,,
outdoors,T D,,
buggy,G,,
horror,R,,
precise,S,,
mouser,Z,,
canton,N T,,
burgeon,R JH,,
peanut,N,,
cranky,NG K,,
porous,R,,
garden,R D,,
prism,Z,,
awry,R,,
cheerful,R F,,
rancor,NG K,,
barker,R K,,
rambler,M B L,,
recount,K,,
rankle,NG K,,
also,L S,,
behave,HH,,
strangle,NG G,,
helix,L,,
parlay,R L,,
puzzle,Z,,
parley,R L,,
radon,D,,
parka,R K,,
raisin,Z,,
strapping,P,,
prairie,R,,
railroad,L R,,
kitchen,CH,,
quarrel,R,,
upper,P,,
ravel,V,,
before,F,,
nearby,R B,,
rebirth,B,,
incise,N S,,
jostle,S,,
heathen,DH,,
ascend,S,,
rascal,S K,,
kinsman,N Z M,,
raucous,K,,
heighten,T,,
closet,Z,,
libel,B,,
debut,B Y,,
hatter,T,,
highlight,L,,
putter,T,,
besiege,S,,
huntress,N T R,,
hidden,D,,
nonesuch,N S,,
puree,R,,
powwow,W,,
coffer,F,,
puppy,P,,
busboy,S B,,
hirsute,R S,,
hectare,K T,,
fickle,K,,
hinder,N D,,
butcher,CH,,
concede,N S,,
haggard,G,,
helmsman,L M Z M,,
doctrine,K T R,,
potter,T,,
quisling,Z L,,
refresh,F R,,
radar,D,,
rabbit,B,,
trumpet,M P,,
applause,P L,,
comic,M,,
forest,R,,
propane,P,,
kidney,D N,,
quarry,R,,
meager,G,,
revoke,V,,
quasi,S,,
kindle,N D,,
hereby,R B,,
tumbler,M B L,,
placement,S M,,
sever,V,,
garlic,R L,,
fasten,S,,
contain,N T,,
admire,D M,,
telltale,L T,,
shadow,D,,
serrate,R,,
molding,L D,,
auction,K SH,,
cancan,N K,,
consent,N S,,
service,R V,,
servile,R V,,
clothing,DH,,
nipper,P,,
supplant,P L,,
shorten,R T,,
mutter,T,,
paycheck,CH,,
sickle,K,,
pecan,K,,
occur,K,,
florin,R,,
quickie,K,,
darling,R L,,
grandeur,N D,,
tycoon,K,,
leavings,V,,
converge,N V,,
seashore,SH,,
season,Z,,
avenge,V,,
sector,K T,,
secret,K R,,
argue,R G Y,,
omit,M,,
lawsuit,S,,
scruple,P,,
surtax,R T,,
turgid,R JH,,
layman,M,,
seamstress,M S T R,,
paper,P,,
leakage,K,,
gavel,V,,
extinct,K S T,,
lichen,K,,
sequel,K W,,
dosage,S,,
gastric,S T R,,
grotto,T,,
gentle,N T,,
ripple,P,,
convince,N V,,
segment,G M,,
genial,N Y,,
structure,K CH,,
often,F T,,
upstream,P S T R,,
sodden,D,,
jelly,L,,
aphid,F,,
frigate,G,,
astute,S T,,
lemon,M,,
partridge,R T R,,
smother,DH,,
fulsome,L S,,
tawny,N,,
assort,S,,
assess,S,,
jersey,R Z,,
assist,S,,
solely,L,,
freedman,D M,,
chisel,Z,,
sorrow,R,,
tartar,R T,,
bother,DH,,
frailty,L T,,
southwest,TH W,,
aspect,S P,,
somber,M B,,
batten,T,,
solo,L,,
lengthwise,NG TH W,,
yoga,G,,
baggy,G,,
sordid,R D,,
gable,B,,
athwart,TH W,,
canker,NG K,,
simper,M P,,
oboe,B,,
atop,T,,
pillage,L,,
perform,R F,,
hyphen,F,,
gallop,L,,
perfect,R F,,
obstruct,B S T R,,
gaily,L,,
silence,L,,
allied,L,,
copper,P,,
asthma,Z M,,
sliding,D,,
slavish,V,,
boycott,K,,
tester,S T,,
beggar,G,,
dreaming,M,,
kegler,G L,,
slither,DH,,
skipper,P,,
object,B JH,,
obit,B,,
astral,S T R,,
machine,SH,,
oatmeal,T M,,
legal,G,,
prickly,K L,,
awful,F,,
lava,V,,
savant,V,,
gluten,T,,
contest,N T,,
baseball,S B,,
scatter,T,,
savor,V,,
avert,V,,
implore,M P L,,
rival,V,,
saki,K,,
girdle,R D,,
gobbler,B,,
facial,SH,,
checker,K,,
career,R,,
kazoo,Z,,
glamor,M,,
scamper,M P,,
attune,T,,
percent,R S,,
hostess,S T,,
scallion,L Y,,
optics,P T,,
drachma,K M,,
await,W,,
sanctum,NG K T,,
bongo,NG G,,
venous,N,,
amount,M,,
during,R,,
favor,V,,
clutter,T,,
impinge,M P,,
porter,R T,,
saute,T,,
greyhound,HH,,
callus,L,,
onion,N Y,,
rustic,S T,,
lukewarm,K W,,
satin,T,,
only,N L,,
glisten,S,,
saffron,F R,,
sabre,B,,
running,N,,
lactate,K T,,
humbug,M B,,
conceit,N S,,
nippy,P,,
constrain,N S T R,,
flimsy,M Z,,
raffle,F,,
approach,P R,,
plaudit,D,,
varied,R,,
skirmish,R M,,
candor,N D,,
gunpoint,N P,,
inquest,N K W,,
amuse,M Y,,
morbid,R B,,
stomach,M,,
grimace,M,,
showman,M,,
musket,S K,,
hookup,K,,
acquaint,K W,,
across,K R,,
angel,N JH,,
manner,N,,
fracture,K CH,,
warden,R D,,
wangle,NG G,,
toxic,K S,,
morose,R,,
design,Z,,
cutback,T B,,
mention,N SH,,
welter,L T,,
townsfolk,N Z F,,
stupid,P,,
story,R,,
dingy,N JH,,
ditty,T,,
sergeant,R JH,,
butler,T L,,
cabal,B,,
chestnut,S N,,
pygmy,G M,,
roommate,M,,
rhesus,S,,
dessert,Z,,
postwar,S T W,,
solace,L,,
abed,B,,
polyp,L,,
assault,S,,
plastic,S T,,
premise,M,,
goggle,G,,
herring,R,,
cheery,R,,
procure,K Y,,
coven,V,,
profile,F,,
crochet,SH,,
combo,M B,,
whaler,L,,
aspen,S P,,
thorough,R,,
goodly,D L,,
lentil,N T,,
outbreak,T B R,,
foundry,N D R,,
bondage,N D,,
laden,D,,
broaden,D,,
abate,B,,
prelate,L,,
father,DH,,
reduce,D,,
lessen,S,,
lattice,T,,
locker,K,,
spectrum,K T R,,
datum,T,,
scuba,B,,
foreground,R G R,,
remiss,M,,
pastime,S T,,
brigade,G,,
degrade,G R,,
humus,M,,
psychic,K,,
expose,K S P,,
stutter,T,,
bevel,V,,
slander,N D,,
noble,B,,
alight,L,,
forearm,R,,
wildcat,L D K,,
murder,R D,,
furnace,R N,,
balance,L,,
rupee,P,,
woman,M,,
hanging,NG,,
nutshell,T SH,,
pucker,K,,
innate,N,,
otter,T,,
wobble,B,,
define,F,,
coral,R,,
pathos,TH,,
roister,S T,,
fungi,N JH,,
revolt,V,,
kibbutz,B,,
explode,K S P L,,
ivory,V,,
ersatz,R S,,
beachhead,CH HH,,
treasure,ZH,,
balloon,L,,
ulcer,L S,,
cancel,N S,,
thriving,V,,
mimic,M,,
today,D,,
island,L,,
consign,N S,,
linen,N,,
vestal,S T,,
minion,N Y,,
diverse,V,,
sulphate,L F,,
giddy,D,,
modern,D,,
allay,L,,
caustic,S T,,
tamper,M P,,
aura,R,,
crisscross,S K R,,
suitor,T,,
cowboy,B,,
unclean,N K L,,
phantom,N T,,
apply,P L,,
ready,D,,
impulse,M P,,
negate,G,,
nectar,K T,,
affirm,F,,
imply,M P L,,
fiddle,D,,
cocoon,K,,
fifteen,F T,,
bogus,G,,
remote,M,,
redoubt,D,,
sequence,K W,,
battle,T,,
ogle,G,,
fastness,S T N,,
vassal,S,,
hoodlum,D L,,
mobile,B,,
heady,D,,
standby,N D B,,
audit,D,,
linage,N,,
padding,D,,
pacer,S,,
pensive,N S,,
ponder,N D,,
resound,S,,
parade,R,,
temptress,M P T R,,
xebec,B,,
suture,CH,,
downstage,N S T,,
elect,L,,
esprit,S P R,,
claimant,M,,
vivid,V,,
flatware,T W,,
conclave,N K L,,
shorthand,R T HH,,
parent,R,,
gusto,S T,,
carnal,R N,,
headdress,D R,,
saucy,S,,
reside,Z,,
trundle,N D,,
urgent,R JH,,
madhouse,D HH,,
pillion,L Y,,
herein,R,,
coma,M,,
scurry,R,,
okra,K R,,
raven,V,,
softball,F T B,,
ghetto,T,,
satire,T,,
cavort,V,,
upward,P W,,
elope,L,,
clapper,P,,
kennel,N,,
gantry,N T R,,
survive,R V,,
vibrate,B R,,
carefree,R F R,,
patrol,T R,,
program,G R,,
linguist,NG G W,,
asset,S,,
respite,S P,,
rhythm,DH,,
croquet,K,,
huntsman,N T S M,,
wherein,R,,
spinal,N,,
deaden,D,,
serum,R,,
yachtsman,T S M,,
franchise,N CH,,
gypsum,P S,,
gorgeous,R JH,,
pleasure,ZH,,
oneness,N N,,
faucet,S,,
prescribe,S K R,,
canner,N,,
inborn,N B,,
cowslip,S L,,
foresee,R S,,
unformed,N F,,
carrel,R,,
ginger,N JH,,
renege,N,,
avail,V,,
solemn,L,,
tanker,NG K,,
ticking,K,,
sleazy,Z,,
estate,S T,,
able,B,,
loiter,T,,
poodle,D,,
outcome,T K,,
mesa,S,,
bandage,N D,,
classmate,S M,,
emerge,M,,
victim,K T,,
lethal,TH,,
quaker,K,,
potion,SH,,
detain,T,,
mustard,S T,,
bonus,N,,
rosin,Z,,
condemn,N D,,
cable,B,,
sauterne,T,,
vomit,M,,
consume,N S,,
shuffle,F,,
discard,S K,,
extend,K S T,,
cutting,T,,
parkway,R K W,,
allow,L,,
children,L D R,,
gristle,S,,
rustle,S,,
ardent,R D,,
anguish,NG G W,,
heartless,R T L,,
mogul,G,,
lager,G,,
acute,K Y,,
tucker,K,,
phosphate,S F,,
seamy,M,,
corner,R N,,
delete,L,,
comet,M,,
pulpwood,L P W,,
hapless,P L,,
magi,JH,,
reflect,F L,,
percept,R S,,
afire,F,,
dowry,R,,
noisy,Z,,
bearing,R,,
bible,B,,
cellist,L,,
jaunty,N T,,
summon,M,,
insert,N S,,
hideout,D,,
nelson,L S,,
hornbook,R N B,,
mortal,R T,,
filbert,L B,,
usage,S,,
padre,D R,,
mantle,N T,,
obey,B,,
tribal,B,,
reason,Z,,
minute,N,,
starfish,R F,,
